fss-se,url,shortcode,date_utc,typename,is_video
1,https://www.instagram.com/hindu_saints/p/DL6xzzOoZfU/,DL6xzzOoZfU,,,
2,https://www.instagram.com/hindu_saints/p/DL9HlvTowMk/,DL9HlvTowMk,,,
3,https://www.instagram.com/hindu_saints/p/DL_sen1oIrI/,DL_sen1oIrI,,,
4,https://www.instagram.com/hindu_saints/p/DM1xHJsNJGw/,DM1xHJsNJGw,,,
5,https://www.instagram.com/hindu_saints/p/DM4XsH3sqqV/,DM4XsH3sqqV,,,
6,https://www.instagram.com/hindu_saints/p/DM7QlZAsHES/,DM7QlZAsHES,,,
7,https://www.instagram.com/hindu_saints/p/DMCRLw9IXSG/,DMCRLw9IXSG,,,
8,https://www.instagram.com/hindu_saints/p/DMEoTFhtuUX/,DMEoTFhtuUX,,,
9,https://www.instagram.com/hindu_saints/p/DMINNZCIXFO/,DMINNZCIXFO,,,
10,https://www.instagram.com/hindu_saints/p/DMKJE7VoXpi/,DMKJE7VoXpi,,,
11,https://www.instagram.com/hindu_saints/p/DMMkW89o-EO/,DMMkW89o-EO,,,
12,https://www.instagram.com/hindu_saints/p/DMPJNC-oa-Q/,DMPJNC-oa-Q,,,
13,https://www.instagram.com/hindu_saints/p/DMSSxaeMSJQ/,DMSSxaeMSJQ,,,
14,https://www.instagram.com/hindu_saints/p/DMUSv7AM1X4/,DMUSv7AM1X4,,,
15,https://www.instagram.com/hindu_saints/p/DMWwv6TsxBu/,DMWwv6TsxBu,,,
16,https://www.instagram.com/hindu_saints/p/DMZVhs1I9bB/,DMZVhs1I9bB,,,
17,https://www.instagram.com/hindu_saints/p/DMcBKaoI0zH/,DMcBKaoI0zH,,,
18,https://www.instagram.com/hindu_saints/p/DMel_Zlt71I/,DMel_Zlt71I,,,
19,https://www.instagram.com/hindu_saints/p/DMhKupoNTW7/,DMhKupoNTW7,,,
20,https://www.instagram.com/hindu_saints/p/DMmUT6KolNF/,DMmUT6KolNF,,,
21,https://www.instagram.com/hindu_saints/p/DMpLMjdu4dW/,DMpLMjdu4dW,,,
22,https://www.instagram.com/hindu_saints/p/DMradxwMyei/,DMradxwMyei,,,
23,https://www.instagram.com/hindu_saints/p/DMuCxpcoSpg/,DMuCxpcoSpg,,,
24,https://www.instagram.com/hindu_saints/p/DMwnfFeovv8/,DMwnfFeovv8,,,
25,https://www.instagram.com/hindu_saints/p/DMzMW8CPAyI/,DMzMW8CPAyI,,,
26,https://www.instagram.com/hindu_saints/p/DN2JCjBM9m5/,DN2JCjBM9m5,,,
27,https://www.instagram.com/hindu_saints/p/DN4t1ZI2Kjx/,DN4t1ZI2Kjx,,,
28,https://www.instagram.com/hindu_saints/p/DN7SmwI2FTa/,DN7SmwI2FTa,,,
29,https://www.instagram.com/hindu_saints/p/DN93_ybjDDN/,DN93_ybjDDN,,,
30,https://www.instagram.com/hindu_saints/p/DNAF_C2MEYD/,DNAF_C2MEYD,,,
31,https://www.instagram.com/hindu_saints/p/DNCrYncs5cW/,DNCrYncs5cW,,,
32,https://www.instagram.com/hindu_saints/p/DNFN9DsoqbD/,DNFN9DsoqbD,,,
33,https://www.instagram.com/hindu_saints/p/DNHytYpIFJm/,DNHytYpIFJm,,,
34,https://www.instagram.com/hindu_saints/p/DNM841zouE0/,DNM841zouE0,,,
35,https://www.instagram.com/hindu_saints/p/DNOaiTNMbBK/,DNOaiTNMbBK,,,
36,https://www.instagram.com/hindu_saints/p/DNPhmQ6MMDM/,DNPhmQ6MMDM,,,
37,https://www.instagram.com/hindu_saints/p/DNSF7Y8Nm_Z/,DNSF7Y8Nm_Z,,,
38,https://www.instagram.com/hindu_saints/p/DNUxg8mspUQ/,DNUxg8mspUQ,,,
39,https://www.instagram.com/hindu_saints/p/DNXPhG6tf8T/,DNXPhG6tf8T,,,
40,https://www.instagram.com/hindu_saints/p/DNZ0Oy6sfPi/,DNZ0Oy6sfPi,,,
41,https://www.instagram.com/hindu_saints/p/DNcmyb7MBcZ/,DNcmyb7MBcZ,,,
42,https://www.instagram.com/hindu_saints/p/DNe94dnM9c-/,DNe94dnM9c-,,,
43,https://www.instagram.com/hindu_saints/p/DNhkpT2t0DZ/,DNhkpT2t0DZ,,,
44,https://www.instagram.com/hindu_saints/p/DNkHcqLsd-U/,DNkHcqLsd-U,,,
45,https://www.instagram.com/hindu_saints/p/DNmsMj7MNeD/,DNmsMj7MNeD,,,
46,https://www.instagram.com/hindu_saints/p/DNpRDvvshmT/,DNpRDvvshmT,,,
47,https://www.instagram.com/hindu_saints/p/DNsuHoSWD8J/,DNsuHoSWD8J,,,
48,https://www.instagram.com/hindu_saints/p/DNubPwhs0UV/,DNubPwhs0UV,,,
49,https://www.instagram.com/hindu_saints/p/DNw_cEGWMTB/,DNw_cEGWMTB,,,
50,https://www.instagram.com/hindu_saints/p/DNzkPTWWMOn/,DNzkPTWWMOn,,,
51,https://www.instagram.com/hindu_saints/p/DO-PRv4DJm9/,DO-PRv4DJm9,,,
52,https://www.instagram.com/hindu_saints/p/DO0apAkDctK/,DO0apAkDctK,,,
53,https://www.instagram.com/hindu_saints/p/DO2g4NviMDN/,DO2g4NviMDN,,,
54,https://www.instagram.com/hindu_saints/p/DO5FrIhDVli/,DO5FrIhDVli,,,
55,https://www.instagram.com/hindu_saints/p/DO7qcl8jAhm/,DO7qcl8jAhm,,,
56,https://www.instagram.com/hindu_saints/p/DOAcM46D-T5/,DOAcM46D-T5,,,
57,https://www.instagram.com/hindu_saints/p/DODdChNjlIT/,DODdChNjlIT,,,
58,https://www.instagram.com/hindu_saints/p/DOFlzf3jS7C/,DOFlzf3jS7C,,,
59,https://www.instagram.com/hindu_saints/p/DOIKkuvDPIO/,DOIKkuvDPIO,,,
60,https://www.instagram.com/hindu_saints/p/DOKvU72DOfJ/,DOKvU72DOfJ,,,
61,https://www.instagram.com/hindu_saints/p/DONa_lmDf6y/,DONa_lmDf6y,,,
62,https://www.instagram.com/hindu_saints/p/DOP484pjMkN/,DOP484pjMkN,,,
63,https://www.instagram.com/hindu_saints/p/DOSdtK_Dd5u/,DOSdtK_Dd5u,,,
64,https://www.instagram.com/hindu_saints/p/DOWHxUPDKEp/,DOWHxUPDKEp,,,
65,https://www.instagram.com/hindu_saints/p/DOXghnaDOjW/,DOXghnaDOjW,,,
66,https://www.instagram.com/hindu_saints/p/DOaOu6hjQWx/,DOaOu6hjQWx,,,
67,https://www.instagram.com/hindu_saints/p/DOcw4NhjWFo/,DOcw4NhjWFo,,,
68,https://www.instagram.com/hindu_saints/p/DOfVs4QDbQs/,DOfVs4QDbQs,,,
69,https://www.instagram.com/hindu_saints/p/DOh6jDrjMAB/,DOh6jDrjMAB,,,
70,https://www.instagram.com/hindu_saints/p/DOkfQ8xjYA7/,DOkfQ8xjYA7,,,
71,https://www.instagram.com/hindu_saints/p/DOnEJkzjTDE/,DOnEJkzjTDE,,,
72,https://www.instagram.com/hindu_saints/p/DOpo5stDYo8/,DOpo5stDYo8,,,
73,https://www.instagram.com/hindu_saints/p/DOsNr9ojXgA/,DOsNr9ojXgA,,,
74,https://www.instagram.com/hindu_saints/p/DOuyfWHDcXL/,DOuyfWHDcXL,,,
75,https://www.instagram.com/hindu_saints/p/DOxXRWGjL7E/,DOxXRWGjL7E,,,
76,https://www.instagram.com/hindu_saints/p/DP-40pFDOQC/,DP-40pFDOQC,,,
77,https://www.instagram.com/hindu_saints/p/DP0T9acDPIp/,DP0T9acDPIp,,,
78,https://www.instagram.com/hindu_saints/p/DP3vtUxjNxN/,DP3vtUxjNxN,,,
79,https://www.instagram.com/hindu_saints/p/DP9LAbEjB6Z/,DP9LAbEjB6Z,,,
80,https://www.instagram.com/hindu_saints/p/DPA0B3EjAgW/,DPA0B3EjAgW,,,
81,https://www.instagram.com/hindu_saints/p/DPDvN_jDRbm/,DPDvN_jDRbm,,,
82,https://www.instagram.com/hindu_saints/p/DPF9pkhEkRr/,DPF9pkhEkRr,,,
83,https://www.instagram.com/hindu_saints/p/DPIicUaDSwg/,DPIicUaDSwg,,,
84,https://www.instagram.com/hindu_saints/p/DPLHOG4CT0a/,DPLHOG4CT0a,,,
85,https://www.instagram.com/hindu_saints/p/DPNsC_hjJVF/,DPNsC_hjJVF,,,
86,https://www.instagram.com/hindu_saints/p/DPQQ2DDjZyY/,DPQQ2DDjZyY,,,
87,https://www.instagram.com/hindu_saints/p/DPVaZTCjCIP/,DPVaZTCjCIP,,,
88,https://www.instagram.com/hindu_saints/p/DPWkQx6DJ9J/,DPWkQx6DJ9J,,,
89,https://www.instagram.com/hindu_saints/p/DPX_L0ejGvj/,DPX_L0ejGvj,,,
90,https://www.instagram.com/hindu_saints/p/DPcAqCxDICP/,DPcAqCxDICP,,,
91,https://www.instagram.com/hindu_saints/p/DPd_s2ajLpT/,DPd_s2ajLpT,,,
92,https://www.instagram.com/hindu_saints/p/DPgn_sHDGAy/,DPgn_sHDGAy,,,
93,https://www.instagram.com/hindu_saints/p/DPjJWrRDHcz/,DPjJWrRDHcz,,,
94,https://www.instagram.com/hindu_saints/p/DPlnPmiDJqh/,DPlnPmiDJqh,,,
95,https://www.instagram.com/hindu_saints/p/DPoS3vzDMOQ/,DPoS3vzDMOQ,,,
96,https://www.instagram.com/hindu_saints/p/DPq3wm0jJWh/,DPq3wm0jJWh,,,
97,https://www.instagram.com/hindu_saints/p/DPtZF1pjGHo/,DPtZF1pjGHo,,,
98,https://www.instagram.com/hindu_saints/p/DPvKVxoiHhL/,DPvKVxoiHhL,,,
99,https://www.instagram.com/hindu_saints/p/DPxvKMWCEJP/,DPxvKMWCEJP,,,
100,https://www.instagram.com/hindu_saints/p/DQ1DNJHjwU1/,DQ1DNJHjwU1,,,
101,https://www.instagram.com/hindu_saints/p/DQ3XeFfjEWn/,DQ3XeFfjEWn,,,
102,https://www.instagram.com/hindu_saints/p/DQ3XeN6jInV/,DQ3XeN6jInV,,,
103,https://www.instagram.com/hindu_saints/p/DQ58Pb1DFva/,DQ58Pb1DFva,,,
104,https://www.instagram.com/hindu_saints/p/DQ8hIk3jMh4/,DQ8hIk3jMh4,,,
105,https://www.instagram.com/hindu_saints/p/DQBMtDaDEsN/,DQBMtDaDEsN,,,
106,https://www.instagram.com/hindu_saints/p/DQDwxmmCPK6/,DQDwxmmCPK6,,,
107,https://www.instagram.com/hindu_saints/p/DQGVh3MjMGP/,DQGVh3MjMGP,,,
108,https://www.instagram.com/hindu_saints/p/DQI6VxgjIcb/,DQI6VxgjIcb,,,
109,https://www.instagram.com/hindu_saints/p/DQLfIvpEXzk/,DQLfIvpEXzk,,,
110,https://www.instagram.com/hindu_saints/p/DQOL-CzDzt1/,DQOL-CzDzt1,,,
111,https://www.instagram.com/hindu_saints/p/DQQvlMQEzB3/,DQQvlMQEzB3,,,
112,https://www.instagram.com/hindu_saints/p/DQTUacyDLAR/,DQTUacyDLAR,,,
113,https://www.instagram.com/hindu_saints/p/DQV61Z5jiiU/,DQV61Z5jiiU,,,
114,https://www.instagram.com/hindu_saints/p/DQZAF1yDKqg/,DQZAF1yDKqg,,,
115,https://www.instagram.com/hindu_saints/p/DQ_II7uDKhL/,DQ_II7uDKhL,,,
116,https://www.instagram.com/hindu_saints/p/DQbCwKNDMmY/,DQbCwKNDMmY,,,
117,https://www.instagram.com/hindu_saints/p/DQdnlnyjMh9/,DQdnlnyjMh9,,,
118,https://www.instagram.com/hindu_saints/p/DQgfxa6jGWP/,DQgfxa6jGWP,,,
119,https://www.instagram.com/hindu_saints/p/DQixKEODJle/,DQixKEODJle,,,
120,https://www.instagram.com/hindu_saints/p/DQlPCfhjFLg/,DQlPCfhjFLg,,,
121,https://www.instagram.com/hindu_saints/p/DQn8YULjAG1/,DQn8YULjAG1,,,
122,https://www.instagram.com/hindu_saints/p/DQtEUwQjPKu/,DQtEUwQjPKu,,,
123,https://www.instagram.com/hindu_saints/p/DQvpDtwjIVV/,DQvpDtwjIVV,,,
124,https://www.instagram.com/hindu_saints/p/DQyN65djPKc/,DQyN65djPKc,,,
125,https://www.instagram.com/hindu_saints/p/DR1MR9VjH5r/,DR1MR9VjH5r,,,
126,https://www.instagram.com/hindu_saints/p/DR3vYYYjIyc/,DR3vYYYjIyc,,,
127,https://www.instagram.com/hindu_saints/p/DR6UHwpCG3L/,DR6UHwpCG3L,,,
128,https://www.instagram.com/hindu_saints/p/DR83nvyDG7Y/,DR83nvyDG7Y,,,
129,https://www.instagram.com/hindu_saints/p/DRB4i7bDP7B/,DRB4i7bDP7B,,,
130,https://www.instagram.com/hindu_saints/p/DREPfpuDCzD/,DREPfpuDCzD,,,
131,https://www.instagram.com/hindu_saints/p/DRG7KwADH5B/,DRG7KwADH5B,,,
132,https://www.instagram.com/hindu_saints/p/DRJZGWIjD7V/,DRJZGWIjD7V,,,
133,https://www.instagram.com/hindu_saints/p/DRL9zR_jGFJ/,DRL9zR_jGFJ,,,
134,https://www.instagram.com/hindu_saints/p/DROjpf_DEwz/,DROjpf_DEwz,,,
135,https://www.instagram.com/hindu_saints/p/DRRHcr6DLPp/,DRRHcr6DLPp,,,
136,https://www.instagram.com/hindu_saints/p/DRTsNX7jJ-M/,DRTsNX7jJ-M,,,
137,https://www.instagram.com/hindu_saints/p/DRWQ-9SjGaM/,DRWQ-9SjGaM,,,
138,https://www.instagram.com/hindu_saints/p/DRY_KPwDDJO/,DRY_KPwDDJO,,,
139,https://www.instagram.com/hindu_saints/p/DR_dzNdDAga/,DR_dzNdDAga,,,
140,https://www.instagram.com/hindu_saints/p/DRbhzPtDAk-/,DRbhzPtDAk-,,,
141,https://www.instagram.com/hindu_saints/p/DReRuYDDKGF/,DReRuYDDKGF,,,
142,https://www.instagram.com/hindu_saints/p/DRgkLTXjG9P/,DRgkLTXjG9P,,,
143,https://www.instagram.com/hindu_saints/p/DRltzeQDExm/,DRltzeQDExm,,,
144,https://www.instagram.com/hindu_saints/p/DRoSmfsDC7P/,DRoSmfsDC7P,,,
145,https://www.instagram.com/hindu_saints/p/DRoSoCrDOKc/,DRoSoCrDOKc,,,
146,https://www.instagram.com/hindu_saints/p/DRq-ueTDOSJ/,DRq-ueTDOSJ,,,
147,https://www.instagram.com/hindu_saints/p/DRtcJJ6jJe5/,DRtcJJ6jJe5,,,
148,https://www.instagram.com/hindu_saints/p/DRwD0h-jNWS/,DRwD0h-jNWS,,,
149,https://www.instagram.com/hindu_saints/p/DRylxZyiJPL/,DRylxZyiJPL,,,
150,https://www.instagram.com/hindu_saints/p/DS1iY4BDdCx/,DS1iY4BDdCx,,,
151,https://www.instagram.com/hindu_saints/p/DS4HL6CjP8a/,DS4HL6CjP8a,,,
152,https://www.instagram.com/hindu_saints/p/DS6sD0ZDSvB/,DS6sD0ZDSvB,,,
153,https://www.instagram.com/hindu_saints/p/DS9Q2UDjBDa/,DS9Q2UDjBDa,,,
154,https://www.instagram.com/hindu_saints/p/DSCDJ1NjBrr/,DSCDJ1NjBrr,,,
155,https://www.instagram.com/hindu_saints/p/DSEnW2wjbkv/,DSEnW2wjbkv,,,
156,https://www.instagram.com/hindu_saints/p/DSHMFCLDZIA/,DSHMFCLDZIA,,,
157,https://www.instagram.com/hindu_saints/p/DSJw98NCMtY/,DSJw98NCMtY,,,
158,https://www.instagram.com/hindu_saints/p/DSMLbhfDU0E/,DSMLbhfDU0E,,,
159,https://www.instagram.com/hindu_saints/p/DSO6h01DEqL/,DSO6h01DEqL,,,
160,https://www.instagram.com/hindu_saints/p/DSRYcd6DAZv/,DSRYcd6DAZv,,,
161,https://www.instagram.com/hindu_saints/p/DSUEIUDDDnx/,DSUEIUDDDnx,,,
162,https://www.instagram.com/hindu_saints/p/DSWo237DAfm/,DSWo237DAfm,,,
163,https://www.instagram.com/hindu_saints/p/DSZNtWJjLAj/,DSZNtWJjLAj,,,
164,https://www.instagram.com/hindu_saints/p/DS_1klqjOGC/,DS_1klqjOGC,,,
165,https://www.instagram.com/hindu_saints/p/DSbydRyDKuV/,DSbydRyDKuV,,,
166,https://www.instagram.com/hindu_saints/p/DSh14c9jBfS/,DSh14c9jBfS,,,
167,https://www.instagram.com/hindu_saints/p/DSjg601jJWs/,DSjg601jJWs,,,
168,https://www.instagram.com/hindu_saints/p/DSmM1zMjINh/,DSmM1zMjINh,,,
169,https://www.instagram.com/hindu_saints/p/DSoqdLwDNkX/,DSoqdLwDNkX,,,
170,https://www.instagram.com/hindu_saints/p/DSrkmqDjS5Z/,DSrkmqDjS5Z,,,
171,https://www.instagram.com/hindu_saints/p/DSt0HSejDul/,DSt0HSejDul,,,
172,https://www.instagram.com/hindu_saints/p/DSwY4hMjI8R/,DSwY4hMjI8R,,,
173,https://www.instagram.com/hindu_saints/p/DSy9n_pjdlz/,DSy9n_pjdlz,,,
174,https://www.instagram.com/hindu_saints/p/DT16UnlDYTR/,DT16UnlDYTR,,,
175,https://www.instagram.com/hindu_saints/p/DT4fIteDSZn/,DT4fIteDSZn,,,
176,https://www.instagram.com/hindu_saints/p/DT7NBrQDNVw/,DT7NBrQDNVw,,,
177,https://www.instagram.com/hindu_saints/p/DT9opsKjE02/,DT9opsKjE02,,,
178,https://www.instagram.com/hindu_saints/p/DTCaZdQDDCX/,DTCaZdQDDCX,,,
179,https://www.instagram.com/hindu_saints/p/DTE_QRijEKO/,DTE_QRijEKO,,,
180,https://www.instagram.com/hindu_saints/p/DTHj9l9DfOe/,DTHj9l9DfOe,,,
181,https://www.instagram.com/hindu_saints/p/DTKIx5hjKSS/,DTKIx5hjKSS,,,
182,https://www.instagram.com/hindu_saints/p/DTMtpN_DGYY/,DTMtpN_DGYY,,,
183,https://www.instagram.com/hindu_saints/p/DTPVuCHjNP7/,DTPVuCHjNP7,,,
184,https://www.instagram.com/hindu_saints/p/DTR3K5nCNt1/,DTR3K5nCNt1,,,
185,https://www.instagram.com/hindu_saints/p/DTVEIsgjHoi/,DTVEIsgjHoi,,,
186,https://www.instagram.com/hindu_saints/p/DTXAwlbjDPG/,DTXAwlbjDPG,,,
187,https://www.instagram.com/hindu_saints/p/DTZlnzqja2D/,DTZlnzqja2D,,,
188,https://www.instagram.com/hindu_saints/p/DTcKY7ajfcq/,DTcKY7ajfcq,,,
189,https://www.instagram.com/hindu_saints/p/DTevIGgDXl0/,DTevIGgDXl0,,,
190,https://www.instagram.com/hindu_saints/p/DThU0sjDCJS/,DThU0sjDCJS,,,
191,https://www.instagram.com/hindu_saints/p/DTkwnmUjApd/,DTkwnmUjApd,,,
192,https://www.instagram.com/hindu_saints/p/DTmdlOPjEaR/,DTmdlOPjEaR,,,
193,https://www.instagram.com/hindu_saints/p/DTpCUL4jEGK/,DTpCUL4jEGK,,,
194,https://www.instagram.com/hindu_saints/p/DTrmnTlDLUI/,DTrmnTlDLUI,,,
195,https://www.instagram.com/hindu_saints/p/DTupOfrjA3l/,DTupOfrjA3l,,,
196,https://www.instagram.com/hindu_saints/p/DTwxFOGjAOX/,DTwxFOGjAOX,,,
197,https://www.instagram.com/hindu_saints/p/DTzV8fajCnG/,DTzV8fajCnG,,,
198,https://www.instagram.com/hindu_saints/p/DU-WsE9lf_A/,DU-WsE9lf_A,,,
199,https://www.instagram.com/hindu_saints/p/DU2olRtDasv/,DU2olRtDasv,,,
200,https://www.instagram.com/hindu_saints/p/DU43AnujGvJ/,DU43AnujGvJ,,,
201,https://www.instagram.com/hindu_saints/p/DU7b1VAj3fH/,DU7b1VAj3fH,,,
202,https://www.instagram.com/hindu_saints/p/DUAVS9eDB2k/,DUAVS9eDB2k,,,
203,https://www.instagram.com/hindu_saints/p/DUCyTifjNB_/,DUCyTifjNB_,,,
204,https://www.instagram.com/hindu_saints/p/DUFxMbYDS3e/,DUFxMbYDS3e,,,
205,https://www.instagram.com/hindu_saints/p/DUH74S_jQuX/,DUH74S_jQuX,,,
206,https://www.instagram.com/hindu_saints/p/DUKgsU9jNul/,DUKgsU9jNul,,,
207,https://www.instagram.com/hindu_saints/p/DUNFe9eDd-g/,DUNFe9eDd-g,,,
208,https://www.instagram.com/hindu_saints/p/DUPqTRVjCyg/,DUPqTRVjCyg,,,
209,https://www.instagram.com/hindu_saints/p/DUSPAkHiBIk/,DUSPAkHiBIk,,,
210,https://www.instagram.com/hindu_saints/p/DUUz0RxjSLB/,DUUz0RxjSLB,,,
211,https://www.instagram.com/hindu_saints/p/DUXYrCNDCJj/,DUXYrCNDCJj,,,
212,https://www.instagram.com/hindu_saints/p/DUZ9aekDbMG/,DUZ9aekDbMG,,,
213,https://www.instagram.com/hindu_saints/p/DUciQtzDLbk/,DUciQtzDLbk,,,
214,https://www.instagram.com/hindu_saints/p/DUfN7HBDMiq/,DUfN7HBDMiq,,,
215,https://www.instagram.com/hindu_saints/p/DUhr2d2DLS_/,DUhr2d2DLS_,,,
216,https://www.instagram.com/hindu_saints/p/DUkavcRjIR0/,DUkavcRjIR0,,,
217,https://www.instagram.com/hindu_saints/p/DUm18nHDJ0w/,DUm18nHDJ0w,,,
218,https://www.instagram.com/hindu_saints/p/DUpaK8ACLVT/,DUpaK8ACLVT,,,
219,https://www.instagram.com/hindu_saints/p/DUr_0_ijIJL/,DUr_0_ijIJL,,,
220,https://www.instagram.com/hindu_saints/p/DUuwZZGDVWg/,DUuwZZGDVWg,,,
221,https://www.instagram.com/hindu_saints/p/DUxIk0vjLGa/,DUxIk0vjLGa,,,
222,https://www.instagram.com/hindu_saints/p/DUztcM-DFQD/,DUztcM-DFQD,,,
223,https://www.instagram.com/hindu_saints/p/DV-dGRzjBTT/,DV-dGRzjBTT,,,
224,https://www.instagram.com/hindu_saints/p/DV0Kb8NjIWx/,DV0Kb8NjIWx,,,
225,https://www.instagram.com/hindu_saints/p/DV20yiUDBgS/,DV20yiUDBgS,,,
226,https://www.instagram.com/hindu_saints/p/DV5PjAojLYI/,DV5PjAojLYI,,,
227,https://www.instagram.com/hindu_saints/p/DV7zsuajW_H/,DV7zsuajW_H,,,
228,https://www.instagram.com/hindu_saints/p/DVAlZAzDXo3/,DVAlZAzDXo3,,,
229,https://www.instagram.com/hindu_saints/p/DVDKKF2kbRn/,DVDKKF2kbRn,,,
230,https://www.instagram.com/hindu_saints/p/DVFu-HEjI3V/,DVFu-HEjI3V,,,
231,https://www.instagram.com/hindu_saints/p/DVITvXzDZbA/,DVITvXzDZbA,,,
232,https://www.instagram.com/hindu_saints/p/DVK4gEojFXj/,DVK4gEojFXj,,,
233,https://www.instagram.com/hindu_saints/p/DVOTxtZj-CI/,DVOTxtZj-CI,,,
234,https://www.instagram.com/hindu_saints/p/DVQCLQRjJd2/,DVQCLQRjJd2,,,
235,https://www.instagram.com/hindu_saints/p/DVSm5rzDAmO/,DVSm5rzDAmO,,,
236,https://www.instagram.com/hindu_saints/p/DVVVIQTj798/,DVVVIQTj798,,,
237,https://www.instagram.com/hindu_saints/p/DVXwj0cDJlO/,DVXwj0cDJlO,,,
238,https://www.instagram.com/hindu_saints/p/DVaVXMdj4NM/,DVaVXMdj4NM,,,
239,https://www.instagram.com/hindu_saints/p/DVc6JRpDNAk/,DVc6JRpDNAk,,,
240,https://www.instagram.com/hindu_saints/p/DVe639djLXs/,DVe639djLXs,,,
241,https://www.instagram.com/hindu_saints/p/DViDuE2DKtJ/,DViDuE2DKtJ,,,
242,https://www.instagram.com/hindu_saints/p/DVkqSz8mh7r/,DVkqSz8mh7r,,,
243,https://www.instagram.com/hindu_saints/p/DVnNQgMjXoB/,DVnNQgMjXoB,,,
244,https://www.instagram.com/hindu_saints/p/DVpyDPgDCEr/,DVpyDPgDCEr,,,
245,https://www.instagram.com/hindu_saints/p/DVsgotoDo5u/,DVsgotoDo5u,,,
246,https://www.instagram.com/hindu_saints/p/DVu7q0QD760/,DVu7q0QD760,,,
247,https://www.instagram.com/hindu_saints/p/DVxgcXHDMIl/,DVxgcXHDMIl,,,
248,https://www.instagram.com/hindu_saints/p/DW-pezcjYex/,DW-pezcjYex,,,
249,https://www.instagram.com/hindu_saints/p/DW3Rm13DdF7/,DW3Rm13DdF7,,,
250,https://www.instagram.com/hindu_saints/p/DW6GINSDQPj/,DW6GINSDQPj,,,
251,https://www.instagram.com/hindu_saints/p/DW8bxbLjRf_/,DW8bxbLjRf_,,,
252,https://www.instagram.com/hindu_saints/p/DWBWugTDK0N/,DWBWugTDK0N,,,
253,https://www.instagram.com/hindu_saints/p/DWDiDRZjF9g/,DWDiDRZjF9g,,,
254,https://www.instagram.com/hindu_saints/p/DWI2Q74DJ7q/,DWI2Q74DJ7q,,,
255,https://www.instagram.com/hindu_saints/p/DWLSMsHDE0x/,DWLSMsHDE0x,,,
256,https://www.instagram.com/hindu_saints/p/DWN1NFkjF3R/,DWN1NFkjF3R,,,
257,https://www.instagram.com/hindu_saints/p/DWQajOnDaoI/,DWQajOnDaoI,,,
258,https://www.instagram.com/hindu_saints/p/DWS-3ByjIy2/,DWS-3ByjIy2,,,
259,https://www.instagram.com/hindu_saints/p/DWVjpNvjHv5/,DWVjpNvjHv5,,,
260,https://www.instagram.com/hindu_saints/p/DWYIZCnDGLl/,DWYIZCnDGLl,,,
261,https://www.instagram.com/hindu_saints/p/DWatMVwjK4h/,DWatMVwjK4h,,,
262,https://www.instagram.com/hindu_saints/p/DWeAtFnDIGv/,DWeAtFnDIGv,,,
263,https://www.instagram.com/hindu_saints/p/DWf9s2HjYNp/,DWf9s2HjYNp,,,
264,https://www.instagram.com/hindu_saints/p/DWjCPGIjJX0/,DWjCPGIjJX0,,,
265,https://www.instagram.com/hindu_saints/p/DWk5fhWjOBZ/,DWk5fhWjOBZ,,,
266,https://www.instagram.com/hindu_saints/p/DWneQPOjRhI/,DWneQPOjRhI,,,
267,https://www.instagram.com/hindu_saints/p/DWqQojmjNcq/,DWqQojmjNcq,,,
268,https://www.instagram.com/hindu_saints/p/DWsn2bYDBMb/,DWsn2bYDBMb,,,
269,https://www.instagram.com/hindu_saints/p/DWvqqjyDag7/,DWvqqjyDag7,,,
270,https://www.instagram.com/hindu_saints/p/DWxxbt0DYdP/,DWxxbt0DYdP,,,
271,https://www.instagram.com/hindu_saints/p/DWxxf2Nje-P/,DWxxf2Nje-P,,,
272,https://www.instagram.com/hindu_saints/p/DX1Zd83DUX3/,DX1Zd83DUX3,,,
273,https://www.instagram.com/hindu_saints/p/DX3h_BCDOsH/,DX3h_BCDOsH,,,
274,https://www.instagram.com/hindu_saints/p/DX53tjJjLmk/,DX53tjJjLmk,,,
275,https://www.instagram.com/hindu_saints/p/DX8cf57jcfZ/,DX8cf57jcfZ,,,
276,https://www.instagram.com/hindu_saints/p/DXBOTAgjBds/,DXBOTAgjBds,,,
277,https://www.instagram.com/hindu_saints/p/DXDzGKfjKy7/,DXDzGKfjKy7,,,
278,https://www.instagram.com/hindu_saints/p/DXGX1B1jR-B/,DXGX1B1jR-B,,,
279,https://www.instagram.com/hindu_saints/p/DXI8l-pmsQv/,DXI8l-pmsQv,,,
280,https://www.instagram.com/hindu_saints/p/DXLhY2ijVvQ/,DXLhY2ijVvQ,,,
281,https://www.instagram.com/hindu_saints/p/DXOGQrdjVII/,DXOGQrdjVII,,,
282,https://www.instagram.com/hindu_saints/p/DXTWo_Jmoe1/,DXTWo_Jmoe1,,,
283,https://www.instagram.com/hindu_saints/p/DXV0nEsDf8u/,DXV0nEsDf8u,,,
284,https://www.instagram.com/hindu_saints/p/DXYZdSQDHyz/,DXYZdSQDHyz,,,
285,https://www.instagram.com/hindu_saints/p/DX_BXdpDa0v/,DX_BXdpDa0v,,,
286,https://www.instagram.com/hindu_saints/p/DXa-Jy5DKRL/,DXa-Jy5DKRL,,,
287,https://www.instagram.com/hindu_saints/p/DXdjCbijIZc/,DXdjCbijIZc,,,
288,https://www.instagram.com/hindu_saints/p/DXhXwASjCCB/,DXhXwASjCCB,,,
289,https://www.instagram.com/hindu_saints/p/DXi8eDNjTF4/,DXi8eDNjTF4,,,
290,https://www.instagram.com/hindu_saints/p/DXlRaxFDG1Q/,DXlRaxFDG1Q,,,
291,https://www.instagram.com/hindu_saints/p/DXozpiUjDTG/,DXozpiUjDTG,,,
292,https://www.instagram.com/hindu_saints/p/DXqa8WhjDB4/,DXqa8WhjDB4,,,
293,https://www.instagram.com/hindu_saints/p/DXs_w6qjbTL/,DXs_w6qjbTL,,,
294,https://www.instagram.com/hindu_saints/p/DXvriiojPib/,DXvriiojPib,,,
295,https://www.instagram.com/hindu_saints/p/DXy9MgWjC9d/,DXy9MgWjC9d,,,
296,https://www.instagram.com/hindu_saints/p/DYB4NWFCK-V/,DYB4NWFCK-V,,,
297,https://www.instagram.com/hindu_saints/p/DYEK4XcDesl/,DYEK4XcDesl,,,
298,https://www.instagram.com/hindu_saints/p/DYGvuFyjSav/,DYGvuFyjSav,,,
299,https://www.instagram.com/hindu_saints/p/DYJUjRrjZ7O/,DYJUjRrjZ7O,,,
300,https://www.instagram.com/hindu_saints/p/DYMQe5UDTgC/,DYMQe5UDTgC,,,
301,https://www.instagram.com/hindu_saints/p/DYPTzSXjcvr/,DYPTzSXjcvr,,,
302,https://www.instagram.com/hindu_saints/p/DYRC3JQjS0L/,DYRC3JQjS0L,,,
303,https://www.instagram.com/hindu_saints/p/DYRC3qPDO1l/,DYRC3qPDO1l,,,
304,https://www.instagram.com/hindu_saints/p/DYW27YsDeBt/,DYW27YsDeBt,,,
305,https://www.instagram.com/hindu_saints/p/DYZEWPVFpl5/,DYZEWPVFpl5,,,
306,https://www.instagram.com/hindu_saints/p/DYbWGKpDX8m/,DYbWGKpDX8m,,,
307,https://www.instagram.com/hindu_saints/p/DYeZE1pDV8l/,DYeZE1pDV8l,,,
308,https://www.instagram.com/hindu_saints/p/DYgfqQ7jClq/,DYgfqQ7jClq,,,
309,https://www.instagram.com/hindu_saints/p/DYj5x5JjWdk/,DYj5x5JjWdk,,,
310,https://www.instagram.com/hindu_saints/p/DYlpNwmjbw1/,DYlpNwmjbw1,,,
311,https://www.instagram.com/hindu_saints/p/DYoPyJEFueq/,DYoPyJEFueq,,,
312,https://www.instagram.com/hindu_saints/p/DYqyRaMjce7/,DYqyRaMjce7,,,
313,https://www.instagram.com/hindu_saints/p/DYuNhf4DXx5/,DYuNhf4DXx5,,,
314,https://www.instagram.com/hindu_saints/p/DYv7LNajDcX/,DYv7LNajDcX,,,
